,Year,Month,PRCP,TAVG,TMIN,TMAX
0,1911.0,1.0,0.0,-999.0,-999.0,-999.0
1,1911.0,2.0,1.0,-999.0,-999.0,-999.0
2,1911.0,3.0,0.0,-999.0,-999.0,-999.0
3,1911.0,4.0,82.0,-999.0,-999.0,-999.0
4,1911.0,5.0,150.0,-999.0,-999.0,-999.0
5,1911.0,6.0,126.0,-999.0,-999.0,-999.0
6,1911.0,7.0,93.0,-999.0,-999.0,-999.0
7,1911.0,8.0,57.0,-999.0,-999.0,-999.0
8,1911.0,9.0,189.0,-999.0,-999.0,-999.0
9,1911.0,10.0,116.0,-999.0,-999.0,-999.0
10,1911.0,11.0,6.0,-999.0,-999.0,-999.0
11,1911.0,12.0,0.0,-999.0,-999.0,-999.0
12,1912.0,1.0,9.0,-999.0,-999.0,-999.0
13,1912.0,2.0,5.0,-999.0,-999.0,-999.0
14,1912.0,3.0,26.0,-999.0,-999.0,-999.0
15,1912.0,4.0,37.0,-999.0,-999.0,-999.0
16,1912.0,5.0,92.0,-999.0,-999.0,-999.0
17,1912.0,6.0,97.0,-999.0,-999.0,-999.0
18,1912.0,7.0,113.0,-999.0,-999.0,-999.0
19,1912.0,8.0,201.0,-999.0,-999.0,-999.0
20,1912.0,9.0,164.0,-999.0,-999.0,-999.0
21,1912.0,10.0,229.0,-999.0,-999.0,-999.0
22,1912.0,11.0,132.0,-999.0,-999.0,-999.0
23,1912.0,12.0,0.0,-999.0,-999.0,-999.0
24,1913.0,1.0,0.0,-999.0,-999.0,-999.0
25,1913.0,2.0,9.0,-999.0,-999.0,-999.0
26,1913.0,3.0,0.0,-999.0,-999.0,-999.0
27,1913.0,4.0,3.0,-999.0,-999.0,-999.0
28,1913.0,5.0,167.0,-999.0,-999.0,-999.0
29,1913.0,6.0,105.0,-999.0,-999.0,-999.0
30,1913.0,7.0,108.0,-999.0,-999.0,-999.0
31,1913.0,8.0,226.0,-999.0,-999.0,-999.0
32,1913.0,9.0,177.0,-999.0,-999.0,-999.0
33,1913.0,10.0,89.0,-999.0,-999.0,-999.0
34,1913.0,11.0,61.0,-999.0,-999.0,-999.0
35,1913.0,12.0,0.0,-999.0,-999.0,-999.0
36,1914.0,1.0,23.0,-999.0,-999.0,-999.0
37,1914.0,2.0,19.0,-999.0,-999.0,-999.0
38,1914.0,3.0,70.0,-999.0,-999.0,-999.0
39,1914.0,4.0,49.0,-999.0,-999.0,-999.0
40,1914.0,5.0,28.0,-999.0,-999.0,-999.0
41,1914.0,6.0,120.0,-999.0,-999.0,-999.0
42,1914.0,7.0,49.0,-999.0,-999.0,-999.0
43,1914.0,8.0,154.0,-999.0,-999.0,-999.0
44,1914.0,9.0,179.0,-999.0,-999.0,-999.0
45,1914.0,10.0,159.0,-999.0,-999.0,-999.0
46,1914.0,11.0,7.0,-999.0,-999.0,-999.0
47,1914.0,12.0,0.0,-999.0,-999.0,-999.0
48,1915.0,1.0,0.0,-999.0,-999.0,-999.0
49,1915.0,2.0,0.0,-999.0,-999.0,-999.0
50,1915.0,3.0,8.0,-999.0,-999.0,-999.0
51,1915.0,4.0,153.0,-999.0,-999.0,-999.0
52,1915.0,5.0,87.0,-999.0,-999.0,-999.0
53,1915.0,6.0,106.0,-999.0,-999.0,-999.0
54,1915.0,7.0,95.0,-999.0,-999.0,-999.0
55,1915.0,8.0,200.0,-999.0,-999.0,-999.0
56,1915.0,9.0,205.0,-999.0,-999.0,-999.0
57,1915.0,10.0,181.0,-999.0,-999.0,-999.0
58,1915.0,11.0,35.0,-999.0,-999.0,-999.0
59,1915.0,12.0,0.0,-999.0,-999.0,-999.0
60,1916.0,1.0,0.0,-999.0,-999.0,-999.0
61,1916.0,2.0,12.0,-999.0,-999.0,-999.0
62,1916.0,3.0,31.0,-999.0,-999.0,-999.0
63,1916.0,4.0,3.0,-999.0,-999.0,-999.0
64,1916.0,5.0,139.0,-999.0,-999.0,-999.0
65,1916.0,6.0,93.0,-999.0,-999.0,-999.0
66,1916.0,7.0,156.0,-999.0,-999.0,-999.0
67,1916.0,8.0,272.0,-999.0,-999.0,-999.0
68,1916.0,9.0,187.0,-999.0,-999.0,-999.0
69,1916.0,10.0,211.0,-999.0,-999.0,-999.0
70,1916.0,11.0,46.0,-999.0,-999.0,-999.0
71,1916.0,12.0,3.0,-999.0,-999.0,-999.0
72,1917.0,1.0,0.0,-999.0,-999.0,-999.0
73,1917.0,2.0,0.0,-999.0,-999.0,-999.0
74,1917.0,3.0,37.0,-999.0,-999.0,-999.0
75,1917.0,4.0,2.0,-999.0,-999.0,-999.0
76,1917.0,5.0,154.0,-999.0,-999.0,-999.0
77,1917.0,6.0,54.0,-999.0,-999.0,-999.0
78,1917.0,7.0,125.0,-999.0,-999.0,-999.0
79,1917.0,8.0,174.0,-999.0,-999.0,-999.0
80,1917.0,9.0,335.0,-999.0,-999.0,-999.0
81,1917.0,10.0,259.0,-999.0,-999.0,-999.0
82,1917.0,11.0,0.0,-999.0,-999.0,-999.0
83,1917.0,12.0,34.0,-999.0,-999.0,-999.0
84,1918.0,1.0,0.0,-999.0,-999.0,-999.0
85,1918.0,2.0,6.0,-999.0,-999.0,-999.0
86,1918.0,3.0,13.0,-999.0,-999.0,-999.0
87,1918.0,4.0,61.0,-999.0,-999.0,-999.0
88,1918.0,5.0,120.0,-999.0,-999.0,-999.0
89,1918.0,6.0,63.0,-999.0,-999.0,-999.0
90,1918.0,7.0,23.0,-999.0,-999.0,-999.0
91,1918.0,8.0,165.0,-999.0,-999.0,-999.0
92,1918.0,9.0,234.0,-999.0,-999.0,-999.0
93,1918.0,10.0,52.0,-999.0,-999.0,-999.0
94,1918.0,11.0,0.0,-999.0,-999.0,-999.0
95,1918.0,12.0,0.0,-999.0,-999.0,-999.0
96,1919.0,1.0,0.0,-999.0,-999.0,-999.0
97,1919.0,2.0,104.0,-999.0,-999.0,-999.0
98,1919.0,3.0,100.0,-999.0,-999.0,-999.0
99,1919.0,4.0,138.0,-999.0,-999.0,-999.0
100,1919.0,5.0,108.0,-999.0,-999.0,-999.0
101,1919.0,6.0,114.0,-999.0,-999.0,-999.0
102,1919.0,7.0,126.0,-999.0,-999.0,-999.0
103,1919.0,8.0,84.0,-999.0,-999.0,-999.0
104,1919.0,9.0,147.0,-999.0,-999.0,-999.0
105,1919.0,10.0,35.0,-999.0,-999.0,-999.0
106,1919.0,11.0,66.0,-999.0,-999.0,-999.0
107,1919.0,12.0,0.0,-999.0,-999.0,-999.0
108,1920.0,1.0,12.0,-999.0,-999.0,-999.0
109,1920.0,2.0,7.0,-999.0,-999.0,-999.0
110,1920.0,3.0,20.0,-999.0,-999.0,-999.0
111,1920.0,4.0,9.0,-999.0,-999.0,-999.0
112,1920.0,5.0,90.0,-999.0,-999.0,-999.0
113,1920.0,6.0,87.0,-999.0,-999.0,-999.0
114,1920.0,7.0,80.0,-999.0,-999.0,-999.0
115,1920.0,8.0,126.0,-999.0,-999.0,-999.0
116,1920.0,9.0,139.0,-999.0,-999.0,-999.0
117,1920.0,10.0,88.0,-999.0,-999.0,-999.0
118,1920.0,11.0,35.0,-999.0,-999.0,-999.0
119,1920.0,12.0,0.0,-999.0,-999.0,-999.0
120,1921.0,1.0,26.0,-999.0,-999.0,-999.0
121,1921.0,2.0,3.0,-999.0,-999.0,-999.0
122,1921.0,3.0,12.0,-999.0,-999.0,-999.0
123,1921.0,4.0,59.0,-999.0,-999.0,-999.0
124,1921.0,5.0,192.0,-999.0,-999.0,-999.0
125,1921.0,6.0,111.0,-999.0,-999.0,-999.0
126,1921.0,7.0,165.0,-999.0,-999.0,-999.0
127,1921.0,8.0,134.0,-999.0,-999.0,-999.0
128,1921.0,9.0,338.0,-999.0,-999.0,-999.0
129,1921.0,10.0,51.0,-999.0,-999.0,-999.0
130,1921.0,11.0,0.0,-999.0,-999.0,-999.0
131,1921.0,12.0,0.0,-999.0,-999.0,-999.0
132,1922.0,1.0,0.0,-999.0,-999.0,-999.0
133,1922.0,2.0,0.0,-999.0,-999.0,-999.0
134,1922.0,3.0,10.0,-999.0,-999.0,-999.0
135,1922.0,4.0,24.0,-999.0,-999.0,-999.0
136,1922.0,5.0,150.0,-999.0,-999.0,-999.0
137,1922.0,6.0,47.0,-999.0,-999.0,-999.0
138,1922.0,7.0,120.0,-999.0,-999.0,-999.0
139,1922.0,8.0,183.0,-999.0,-999.0,-999.0
140,1922.0,9.0,379.0,-999.0,-999.0,-999.0
141,1922.0,10.0,94.0,-999.0,-999.0,-999.0
142,1922.0,11.0,48.0,-999.0,-999.0,-999.0
143,1922.0,12.0,0.0,-999.0,-999.0,-999.0
144,1923.0,1.0,11.0,-999.0,-999.0,-999.0
145,1923.0,2.0,0.0,-999.0,-999.0,-999.0
146,1923.0,3.0,12.0,-999.0,-999.0,-999.0
147,1923.0,4.0,103.0,-999.0,-999.0,-999.0
148,1923.0,5.0,119.0,-999.0,-999.0,-999.0
149,1923.0,6.0,149.0,-999.0,-999.0,-999.0
150,1923.0,7.0,111.0,-999.0,-999.0,-999.0
151,1923.0,8.0,118.0,-999.0,-999.0,-999.0
152,1923.0,9.0,223.0,-999.0,-999.0,-999.0
153,1923.0,10.0,263.0,-999.0,-999.0,-999.0
154,1923.0,11.0,37.0,-999.0,-999.0,-999.0
155,1923.0,12.0,0.0,-999.0,-999.0,-999.0
156,1924.0,1.0,0.0,-999.0,-999.0,-999.0
157,1924.0,2.0,0.0,-999.0,-999.0,-999.0
158,1924.0,3.0,52.0,-999.0,-999.0,-999.0
159,1924.0,4.0,73.0,-999.0,-999.0,-999.0
160,1924.0,5.0,56.0,-999.0,-999.0,-999.0
161,1924.0,6.0,58.0,-999.0,-999.0,-999.0
162,1924.0,7.0,211.0,-999.0,-999.0,-999.0
163,1924.0,8.0,229.0,-999.0,-999.0,-999.0
164,1924.0,9.0,297.0,-999.0,-999.0,-999.0
165,1924.0,10.0,127.0,-999.0,-999.0,-999.0
166,1924.0,11.0,0.0,-999.0,-999.0,-999.0
167,1924.0,12.0,0.0,-999.0,-999.0,-999.0
168,1925.0,1.0,0.0,-999.0,-999.0,-999.0
169,1925.0,2.0,23.0,-999.0,-999.0,-999.0
170,1925.0,3.0,62.0,-999.0,-999.0,-999.0
171,1925.0,4.0,117.0,-999.0,-999.0,-999.0
172,1925.0,5.0,51.0,-999.0,-999.0,-999.0
173,1925.0,6.0,138.0,-999.0,-999.0,-999.0
174,1925.0,7.0,107.0,-999.0,-999.0,-999.0
175,1925.0,8.0,292.0,-999.0,-999.0,-999.0
176,1925.0,9.0,195.0,-999.0,-999.0,-999.0
177,1925.0,10.0,124.0,-999.0,-999.0,-999.0
178,1925.0,11.0,0.0,-999.0,-999.0,-999.0
179,1925.0,12.0,0.0,-999.0,-999.0,-999.0
180,1926.0,1.0,0.0,-999.0,-999.0,-999.0
181,1926.0,2.0,20.0,-999.0,-999.0,-999.0
182,1926.0,3.0,62.0,-999.0,-999.0,-999.0
183,1926.0,4.0,0.0,-999.0,-999.0,-999.0
184,1926.0,5.0,43.0,-999.0,-999.0,-999.0
185,1926.0,6.0,59.0,-999.0,-999.0,-999.0
186,1926.0,7.0,141.0,-999.0,-999.0,-999.0
187,1926.0,8.0,200.0,-999.0,-999.0,-999.0
188,1926.0,9.0,292.0,-999.0,-999.0,-999.0
189,1926.0,10.0,190.0,-999.0,-999.0,-999.0
190,1926.0,11.0,3.0,-999.0,-999.0,-999.0
191,1926.0,12.0,0.0,-999.0,-999.0,-999.0
192,1927.0,1.0,6.0,-999.0,-999.0,-999.0
193,1927.0,2.0,31.0,-999.0,-999.0,-999.0
194,1927.0,3.0,62.0,-999.0,-999.0,-999.0
195,1927.0,4.0,122.0,-999.0,-999.0,-999.0
196,1927.0,5.0,82.0,-999.0,-999.0,-999.0
197,1927.0,6.0,143.0,-999.0,-999.0,-999.0
198,1927.0,7.0,98.0,-999.0,-999.0,-999.0
199,1927.0,8.0,108.0,-999.0,-999.0,-999.0
200,1927.0,9.0,202.0,-999.0,-999.0,-999.0
201,1927.0,10.0,60.0,-999.0,-999.0,-999.0
202,1927.0,11.0,0.0,-999.0,-999.0,-999.0
203,1927.0,12.0,0.0,-999.0,-999.0,-999.0
204,1928.0,1.0,15.0,-999.0,-999.0,-999.0
205,1928.0,2.0,80.0,-999.0,-999.0,-999.0
206,1928.0,3.0,47.0,-999.0,-999.0,-999.0
207,1928.0,4.0,73.0,-999.0,-999.0,-999.0
208,1928.0,5.0,118.0,-999.0,-999.0,-999.0
209,1928.0,6.0,75.0,-999.0,-999.0,-999.0
210,1928.0,7.0,39.0,-999.0,-999.0,-999.0
211,1928.0,8.0,7.0,-999.0,-999.0,-999.0
212,1928.0,9.0,190.0,-999.0,-999.0,-999.0
213,1928.0,10.0,79.0,-999.0,-999.0,-999.0
214,1928.0,11.0,0.0,-999.0,-999.0,-999.0
215,1928.0,12.0,0.0,-999.0,-999.0,-999.0
216,1929.0,1.0,0.0,-999.0,-999.0,-999.0
217,1929.0,2.0,28.0,-999.0,-999.0,-999.0
218,1929.0,3.0,43.0,-999.0,-999.0,-999.0
219,1929.0,4.0,89.0,-999.0,-999.0,-999.0
220,1929.0,5.0,194.0,-999.0,-999.0,-999.0
221,1929.0,6.0,76.0,-999.0,-999.0,-999.0
222,1929.0,7.0,88.0,-999.0,-999.0,-999.0
223,1929.0,8.0,201.0,-999.0,-999.0,-999.0
224,1929.0,9.0,243.0,-999.0,-999.0,-999.0
225,1929.0,10.0,337.0,-999.0,-999.0,-999.0
226,1929.0,11.0,0.0,-999.0,-999.0,-999.0
227,1929.0,12.0,0.0,-999.0,-999.0,-999.0
228,1930.0,1.0,14.0,-999.0,-999.0,-999.0
229,1930.0,2.0,0.0,-999.0,-999.0,-999.0
230,1930.0,3.0,0.0,-999.0,-999.0,-999.0
231,1930.0,4.0,18.0,-999.0,-999.0,-999.0
232,1930.0,5.0,80.0,-999.0,-999.0,-999.0
233,1930.0,6.0,191.0,-999.0,-999.0,-999.0
234,1930.0,7.0,251.0,-999.0,-999.0,-999.0
235,1930.0,8.0,193.0,-999.0,-999.0,-999.0
236,1930.0,9.0,448.0,-999.0,-999.0,-999.0
237,1930.0,10.0,20.0,-999.0,-999.0,-999.0
238,1930.0,11.0,4.0,-999.0,-999.0,-999.0
239,1930.0,12.0,12.0,-999.0,-999.0,-999.0
240,1931.0,1.0,0.0,-999.0,-999.0,-999.0
241,1931.0,2.0,84.0,-999.0,-999.0,-999.0
242,1931.0,3.0,0.0,-999.0,-999.0,-999.0
243,1931.0,4.0,55.0,-999.0,-999.0,-999.0
244,1931.0,5.0,103.0,-999.0,-999.0,-999.0
245,1931.0,6.0,185.0,-999.0,-999.0,-999.0
246,1931.0,7.0,174.0,-999.0,-999.0,-999.0
247,1931.0,8.0,135.0,-999.0,-999.0,-999.0
248,1931.0,9.0,492.0,-999.0,-999.0,-999.0
249,1931.0,10.0,148.0,-999.0,-999.0,-999.0
250,1931.0,11.0,0.0,-999.0,-999.0,-999.0
251,1931.0,12.0,0.0,-999.0,-999.0,-999.0
252,1932.0,1.0,0.0,-999.0,-999.0,-999.0
253,1932.0,2.0,13.0,-999.0,-999.0,-999.0
254,1932.0,3.0,18.0,-999.0,-999.0,-999.0
255,1932.0,4.0,64.0,-999.0,-999.0,-999.0
256,1932.0,5.0,71.0,-999.0,-999.0,-999.0
257,1932.0,6.0,104.0,-999.0,-999.0,-999.0
258,1932.0,7.0,97.0,-999.0,-999.0,-999.0
259,1932.0,8.0,124.0,-999.0,-999.0,-999.0
260,1932.0,9.0,337.0,-999.0,-999.0,-999.0
261,1932.0,10.0,316.0,-999.0,-999.0,-999.0
262,1932.0,11.0,22.0,-999.0,-999.0,-999.0
263,1932.0,12.0,0.0,-999.0,-999.0,-999.0
264,1933.0,1.0,0.0,-999.0,-999.0,-999.0
265,1933.0,2.0,32.0,-999.0,-999.0,-999.0
266,1933.0,3.0,0.0,-999.0,-999.0,-999.0
267,1933.0,4.0,83.0,-999.0,-999.0,-999.0
268,1933.0,5.0,121.0,-999.0,-999.0,-999.0
269,1933.0,6.0,190.0,-999.0,-999.0,-999.0
270,1933.0,7.0,224.0,-999.0,-999.0,-999.0
271,1933.0,8.0,88.0,-999.0,-999.0,-999.0
272,1933.0,9.0,293.0,-999.0,-999.0,-999.0
273,1933.0,10.0,190.0,-999.0,-999.0,-999.0
274,1933.0,11.0,9.0,-999.0,-999.0,-999.0
275,1933.0,12.0,0.0,-999.0,-999.0,-999.0
276,1934.0,1.0,0.0,-999.0,-999.0,-999.0
277,1934.0,2.0,14.0,-999.0,-999.0,-999.0
278,1934.0,3.0,30.0,-999.0,-999.0,-999.0
279,1934.0,4.0,68.0,-999.0,-999.0,-999.0
280,1934.0,5.0,15.0,-999.0,-999.0,-999.0
281,1934.0,6.0,199.0,-999.0,-999.0,-999.0
282,1934.0,7.0,185.0,-999.0,-999.0,-999.0
283,1934.0,8.0,214.0,-999.0,-999.0,-999.0
284,1934.0,9.0,251.0,-999.0,-999.0,-999.0
285,1934.0,10.0,190.0,-999.0,-999.0,-999.0
286,1934.0,11.0,26.0,-999.0,-999.0,-999.0
287,1934.0,12.0,27.0,-999.0,-999.0,-999.0
288,1935.0,1.0,0.0,-999.0,-999.0,-999.0
289,1935.0,2.0,78.0,-999.0,-999.0,-999.0
290,1935.0,3.0,10.0,-999.0,-999.0,-999.0
291,1935.0,4.0,90.0,-999.0,-999.0,-999.0
292,1935.0,5.0,124.0,-999.0,-999.0,-999.0
293,1935.0,6.0,124.0,-999.0,-999.0,-999.0
294,1935.0,7.0,53.0,-999.0,-999.0,-999.0
295,1935.0,8.0,127.0,-999.0,-999.0,-999.0
296,1935.0,9.0,281.0,-999.0,-999.0,-999.0
297,1935.0,10.0,301.0,-999.0,-999.0,-999.0
298,1935.0,11.0,60.0,-999.0,-999.0,-999.0
299,1935.0,12.0,48.0,-999.0,-999.0,-999.0
300,1936.0,1.0,0.0,-999.0,-999.0,-999.0
301,1936.0,2.0,96.0,-999.0,-999.0,-999.0
302,1936.0,3.0,9.0,-999.0,-999.0,-999.0
303,1936.0,4.0,18.0,-999.0,-999.0,-999.0
304,1936.0,5.0,150.0,-999.0,-999.0,-999.0
305,1936.0,6.0,228.0,-999.0,-999.0,-999.0
306,1936.0,7.0,324.0,-999.0,-999.0,-999.0
307,1936.0,8.0,106.0,-999.0,-999.0,-999.0
308,1936.0,9.0,180.0,-999.0,-999.0,-999.0
309,1936.0,10.0,91.0,-999.0,-999.0,-999.0
310,1936.0,11.0,10.0,-999.0,-999.0,-999.0
311,1936.0,12.0,0.0,-999.0,-999.0,-999.0
312,1937.0,1.0,0.0,-999.0,-999.0,-999.0
313,1937.0,2.0,30.0,-999.0,-999.0,-999.0
314,1937.0,3.0,5.0,-999.0,-999.0,-999.0
315,1937.0,4.0,35.0,-999.0,-999.0,-999.0
316,1937.0,5.0,275.0,-999.0,-999.0,-999.0
317,1937.0,6.0,79.0,-999.0,-999.0,-999.0
318,1937.0,7.0,177.0,-999.0,-999.0,-999.0
319,1937.0,8.0,181.0,-999.0,-999.0,-999.0
320,1937.0,9.0,201.0,-999.0,-999.0,-999.0
321,1937.0,10.0,248.0,-999.0,-999.0,-999.0
322,1937.0,11.0,20.0,-999.0,-999.0,-999.0
323,1937.0,12.0,0.0,-999.0,-999.0,-999.0
324,1938.0,1.0,0.0,-999.0,-999.0,-999.0
325,1938.0,2.0,35.0,-999.0,-999.0,-999.0
326,1938.0,3.0,32.0,-999.0,-999.0,-999.0
327,1938.0,4.0,68.0,-999.0,-999.0,-999.0
328,1938.0,5.0,136.0,-999.0,-999.0,-999.0
329,1938.0,6.0,142.0,-999.0,-999.0,-999.0
330,1938.0,7.0,231.0,-999.0,-999.0,-999.0
331,1938.0,8.0,210.0,-999.0,-999.0,-999.0
332,1938.0,9.0,150.0,-999.0,-999.0,-999.0
333,1938.0,10.0,138.0,-999.0,-999.0,-999.0
334,1938.0,11.0,14.0,-999.0,-999.0,-999.0
335,1938.0,12.0,8.0,-999.0,-999.0,-999.0
336,1939.0,1.0,-999.9,-999.9,-999.9,-999.9
337,1939.0,2.0,-999.9,-999.9,-999.9,-999.9
338,1939.0,3.0,-999.9,29.2,23.8,34.6
339,1939.0,4.0,-999.9,31.2,25.2,37.2
340,1939.0,5.0,-999.9,30.6,25.4,35.8
341,1939.0,6.0,-999.9,29.2,24.6,33.7
342,1939.0,7.0,-999.9,29.1,24.8,33.4
343,1939.0,8.0,-999.9,29.1,24.9,33.2
344,1939.0,9.0,-999.9,28.6,24.4,32.8
345,1939.0,10.0,-999.9,28.8,25.4,32.1
346,1939.0,11.0,-999.9,28.2,23.9,32.5
347,1939.0,12.0,-999.9,22.1,15.8,28.3
348,1940.0,1.0,0.0,23.0,14.9,31.0
349,1940.0,2.0,0.0,27.9,21.7,34.0
350,1940.0,3.0,0.0,30.7,23.3,38.0
351,1940.0,4.0,-999.9,33.4,26.3,40.4
352,1940.0,5.0,-999.9,31.8,25.7,37.8
353,1940.0,6.0,-999.9,30.2,25.1,35.3
354,1940.0,7.0,-999.9,29.4,25.0,33.8
355,1940.0,8.0,-999.9,29.0,24.6,33.4
356,1940.0,9.0,-999.9,29.0,24.6,33.3
357,1940.0,10.0,-999.9,-999.9,24.6,34.0
358,1940.0,11.0,-999.9,27.9,22.1,33.7
359,1940.0,12.0,0.0,26.2,19.7,32.7
360,1941.0,1.0,2.0,28.8,21.1,-999.9
361,1941.0,2.0,2.0,29.4,21.9,36.9
362,1941.0,3.0,17.0,-999.9,24.7,-999.9
363,1941.0,4.0,119.0,33.4,26.3,40.5
364,1941.0,5.0,-999.9,-999.9,25.4,-999.9
365,1941.0,6.0,-999.9,30.9,25.6,36.2
366,1941.0,7.0,97.0,-999.9,25.2,35.8
367,1941.0,8.0,275.0,29.6,24.8,34.4
368,1941.0,9.0,204.0,-999.9,24.3,34.2
369,1941.0,10.0,234.0,28.4,23.9,32.8
370,1941.0,11.0,33.0,27.7,22.6,32.7
371,1941.0,12.0,0.0,26.5,20.4,32.6
372,1942.0,1.0,0.0,24.9,17.7,32.1
373,1942.0,2.0,13.0,-999.9,24.1,37.3
374,1942.0,3.0,35.0,31.1,24.6,37.6
375,1942.0,4.0,91.0,31.3,25.1,37.4
376,1942.0,5.0,188.0,30.4,24.9,35.9
377,1942.0,6.0,188.0,-999.9,-999.9,-999.9
378,1942.0,7.0,141.0,29.4,25.0,33.7
379,1942.0,8.0,234.0,28.9,24.4,33.3
380,1942.0,9.0,242.0,28.9,25.7,32.0
381,1942.0,10.0,118.0,28.3,25.4,31.2
382,1942.0,11.0,69.0,27.7,23.6,31.8
383,1942.0,12.0,0.0,-999.9,-999.9,-999.9
384,1943.0,1.0,0.0,-999.9,-999.9,-999.9
385,1943.0,2.0,16.0,-999.9,-999.9,-999.9
386,1943.0,3.0,12.0,-999.9,-999.9,-999.9
387,1943.0,4.0,-999.9,-999.9,-999.9,-999.9
388,1943.0,5.0,-999.9,-999.9,-999.9,-999.9
389,1943.0,6.0,-999.9,-999.9,-999.9,-999.9
390,1943.0,7.0,-999.9,-999.9,-999.9,-999.9
391,1943.0,8.0,-999.9,-999.9,-999.9,-999.9
392,1943.0,9.0,-999.9,-999.9,-999.9,-999.9
393,1943.0,10.0,-999.9,-999.9,-999.9,-999.9
394,1943.0,11.0,-999.9,-999.9,-999.9,-999.9
395,1943.0,12.0,-999.9,-999.9,-999.9,-999.9
396,1944.0,1.0,-999.9,-999.9,-999.9,-999.9
397,1944.0,2.0,-999.9,-999.9,-999.9,-999.9
398,1944.0,3.0,-999.9,-999.9,-999.9,-999.9
399,1944.0,4.0,-999.9,-999.9,-999.9,-999.9
400,1944.0,5.0,-999.9,-999.9,-999.9,-999.9
401,1944.0,6.0,-999.9,-999.9,-999.9,-999.9
402,1944.0,7.0,-999.9,-999.9,-999.9,-999.9
403,1944.0,8.0,-999.9,-999.9,-999.9,-999.9
404,1944.0,9.0,-999.9,-999.9,-999.9,-999.9
405,1944.0,10.0,-999.9,-999.9,-999.9,-999.9
406,1944.0,11.0,-999.9,-999.9,-999.9,-999.9
407,1944.0,12.0,-999.9,-999.9,-999.9,-999.9
408,1945.0,1.0,-999.9,-999.9,-999.9,-999.9
409,1945.0,2.0,-999.9,-999.9,-999.9,-999.9
410,1945.0,3.0,-999.9,-999.9,-999.9,-999.9
411,1945.0,4.0,-999.9,-999.9,-999.9,-999.9
412,1945.0,5.0,-999.9,-999.9,-999.9,-999.9
413,1945.0,6.0,-999.9,-999.9,-999.9,-999.9
414,1945.0,7.0,-999.9,-999.9,-999.9,-999.9
415,1945.0,8.0,-999.9,-999.9,-999.9,-999.9
416,1945.0,9.0,-999.9,-999.9,-999.9,-999.9
417,1945.0,10.0,-999.9,-999.9,-999.9,-999.9
418,1945.0,11.0,-999.9,-999.9,-999.9,-999.9
419,1945.0,12.0,-999.9,-999.9,-999.9,-999.9
420,1946.0,1.0,0.0,-999.9,-999.9,-999.9
421,1946.0,2.0,-999.9,-999.9,-999.9,-999.9
422,1946.0,3.0,52.0,-999.9,-999.9,-999.9
423,1946.0,4.0,109.0,-999.9,-999.9,-999.9
424,1946.0,5.0,81.0,-999.9,-999.9,-999.9
425,1946.0,6.0,-999.9,-999.9,-999.9,-999.9
426,1946.0,7.0,-999.9,-999.9,-999.9,-999.9
427,1946.0,8.0,-999.9,-999.9,-999.9,-999.9
428,1946.0,9.0,-999.9,-999.9,-999.9,-999.9
429,1946.0,10.0,-999.9,-999.9,-999.9,-999.9
430,1946.0,11.0,-999.9,-999.9,-999.9,-999.9
431,1946.0,12.0,-999.9,-999.9,-999.9,-999.9
432,1947.0,1.0,-999.9,-999.9,-999.9,-999.9
433,1947.0,2.0,-999.9,-999.9,-999.9,-999.9
434,1947.0,3.0,-999.9,-999.9,-999.9,-999.9
435,1947.0,4.0,-999.9,-999.9,-999.9,-999.9
436,1947.0,5.0,-999.9,-999.9,-999.9,-999.9
437,1947.0,6.0,133.0,-999.9,-999.9,-999.9
438,1947.0,7.0,167.0,-999.9,-999.9,-999.9
439,1947.0,8.0,221.0,-999.9,-999.9,-999.9
440,1947.0,9.0,247.0,-999.9,-999.9,-999.9
441,1947.0,10.0,37.0,-999.9,-999.9,-999.9
442,1947.0,11.0,2.0,-999.9,-999.9,-999.9
443,1947.0,12.0,-999.9,-999.9,-999.9,-999.9
444,1948.0,1.0,0.0,24.4,16.6,32.2
445,1948.0,2.0,10.0,28.9,22.1,35.6
446,1948.0,3.0,31.0,30.6,23.9,37.2
447,1948.0,4.0,61.0,30.6,24.4,36.8
448,1948.0,5.0,117.0,29.8,24.2,35.4
449,1948.0,6.0,91.0,30.2,24.7,35.6
450,1948.0,7.0,198.0,28.9,23.8,34.0
451,1948.0,8.0,162.0,28.7,23.8,33.6
452,1948.0,9.0,239.0,28.4,23.6,33.1
453,1948.0,10.0,250.0,27.8,23.7,31.8
454,1948.0,11.0,0.0,25.2,19.6,30.8
455,1948.0,12.0,0.0,25.6,18.6,32.5
456,1949.0,1.0,7.0,23.7,16.3,31.0
457,1949.0,2.0,35.0,26.6,19.0,34.1
458,1949.0,3.0,17.0,30.7,23.8,37.5
459,1949.0,4.0,86.0,30.6,24.3,36.8
460,1949.0,5.0,84.0,30.5,24.4,36.5
461,1949.0,6.0,92.0,30.7,24.6,36.7
462,1949.0,7.0,142.0,29.2,24.0,34.4
463,1949.0,8.0,-999.9,28.6,23.7,33.4
464,1949.0,9.0,189.0,28.6,24.1,33.1
465,1949.0,10.0,136.0,28.7,24.1,33.2
466,1949.0,11.0,80.0,26.8,21.9,31.7
467,1949.0,12.0,0.0,25.9,19.1,32.6
468,1950.0,1.0,0.0,25.2,17.0,33.3
469,1950.0,2.0,11.0,27.3,19.1,35.4
470,1950.0,3.0,8.0,30.9,23.4,38.3
471,1950.0,4.0,45.0,31.5,25.2,37.8
472,1950.0,5.0,293.0,30.1,24.4,35.8
473,1950.0,6.0,225.0,29.2,24.4,34.0
474,1950.0,7.0,58.0,29.3,23.8,34.7
475,1950.0,8.0,79.0,29.6,24.2,35.0
476,1950.0,9.0,188.0,28.7,24.1,33.3
477,1950.0,10.0,220.0,27.8,23.6,32.0
478,1950.0,11.0,14.0,27.4,22.4,32.4
479,1950.0,12.0,0.0,23.5,16.9,30.1
480,1951.0,1.0,9.0,24.8,17.6,31.9
481,1951.0,2.0,9.0,27.2,19.4,35.0
482,1951.0,3.0,28.0,30.6,23.3,37.8
483,1951.0,4.0,63.0,32.2,25.4,39.0
484,1951.0,5.0,261.0,30.9,24.9,36.8
485,1951.0,6.0,61.0,28.7,24.6,32.8
486,1951.0,7.0,210.0,28.8,23.6,34.0
487,1951.0,8.0,135.0,28.9,24.2,33.6
488,1951.0,9.0,270.0,28.7,24.3,33.1
489,1951.0,10.0,319.0,28.1,23.8,32.3
490,1951.0,11.0,83.0,27.6,22.8,32.3
491,1951.0,12.0,0.0,25.0,19.2,30.8
492,1952.0,1.0,0.0,25.8,18.3,33.3
493,1952.0,2.0,11.0,29.3,22.2,36.4
494,1952.0,3.0,76.0,30.2,23.8,36.5
495,1952.0,4.0,20.0,31.3,24.3,38.3
496,1952.0,5.0,221.0,31.1,24.8,37.4
497,1952.0,6.0,182.0,30.4,24.6,36.1
498,1952.0,7.0,90.0,29.2,24.2,34.1
499,1952.0,8.0,114.0,28.2,23.6,32.8
500,1952.0,9.0,246.0,28.1,23.6,32.5
501,1952.0,10.0,376.0,27.8,24.3,31.2
502,1952.0,11.0,16.0,27.1,22.1,32.0
503,1952.0,12.0,0.0,23.4,16.5,30.2
504,1953.0,1.0,38.0,25.4,19.0,31.7
505,1953.0,2.0,244.0,27.2,21.3,33.1
506,1953.0,3.0,0.0,29.3,22.6,35.9
507,1953.0,4.0,68.0,30.6,24.5,36.6
508,1953.0,5.0,82.0,30.1,24.1,36.0
509,1953.0,6.0,67.0,29.4,24.2,34.5
510,1953.0,7.0,193.0,29.2,23.9,34.5
511,1953.0,8.0,180.0,28.1,23.7,32.4
512,1953.0,9.0,376.0,27.7,23.3,32.1
513,1953.0,10.0,160.0,28.4,24.0,32.7
514,1953.0,11.0,72.0,-999.9,22.0,-999.9
515,1953.0,12.0,0.0,-999.9,19.3,-999.9
516,1954.0,1.0,4.0,26.8,19.5,34.0
517,1954.0,2.0,0.0,27.4,20.3,34.5
518,1954.0,3.0,15.0,29.1,22.2,36.0
519,1954.0,4.0,8.0,32.2,25.6,38.7
520,1954.0,5.0,212.0,29.7,24.3,35.1
521,1954.0,6.0,112.0,29.1,24.4,33.8
522,1954.0,7.0,52.0,-999.9,24.2,34.9
523,1954.0,8.0,190.0,28.6,24.0,33.1
524,1954.0,9.0,332.0,27.7,23.9,31.5
525,1954.0,10.0,30.0,27.6,23.5,31.7
526,1954.0,11.0,3.0,26.0,19.9,32.1
527,1954.0,12.0,1.0,24.0,17.4,30.5
528,1955.0,1.0,0.0,22.9,15.2,30.5
529,1955.0,2.0,0.0,27.5,20.8,34.2
530,1955.0,3.0,88.0,29.4,23.0,35.8
531,1955.0,4.0,52.0,29.6,23.9,35.3
532,1955.0,5.0,284.0,29.3,24.4,34.2
533,1955.0,6.0,144.0,28.5,24.4,32.6
534,1955.0,7.0,241.0,28.4,23.7,33.0
535,1955.0,8.0,180.0,28.1,23.9,32.2
536,1955.0,9.0,264.0,27.9,23.7,32.0
537,1955.0,10.0,30.0,27.6,23.5,31.7
538,1955.0,11.0,29.0,24.8,20.1,29.4
539,1955.0,12.0,0.0,22.9,15.4,30.3
540,1956.0,1.0,0.0,23.0,14.5,31.5
541,1956.0,2.0,6.0,27.7,20.8,34.6
542,1956.0,3.0,34.0,30.5,23.8,37.1
543,1956.0,4.0,222.0,29.8,23.8,35.7
544,1956.0,5.0,173.0,28.8,24.0,33.5
545,1956.0,6.0,179.0,28.4,23.6,33.1
546,1956.0,7.0,195.0,28.1,23.6,32.5
547,1956.0,8.0,129.0,27.7,23.5,31.9
548,1956.0,9.0,240.0,27.6,23.6,31.5
549,1956.0,10.0,169.0,27.0,23.0,31.0
550,1956.0,11.0,2.0,24.6,19.3,29.9
551,1956.0,12.0,0.0,23.5,17.4,29.5
552,1957.0,1.0,29.0,24.5,17.0,32.0
553,1957.0,2.0,26.0,26.7,20.2,33.2
554,1957.0,3.0,99.0,28.9,22.6,35.2
555,1957.0,4.0,77.0,30.7,24.5,36.8
556,1957.0,5.0,69.0,32.3,25.8,38.8
557,1957.0,6.0,139.0,29.7,24.7,34.7
558,1957.0,7.0,73.0,29.5,24.5,34.4
559,1957.0,8.0,209.0,28.9,24.2,33.5
560,1957.0,9.0,278.0,28.2,24.1,32.3
561,1957.0,10.0,135.0,27.6,23.9,31.3
562,1957.0,11.0,0.0,26.6,21.4,31.8
563,1957.0,12.0,0.0,25.4,18.7,32.1
564,1958.0,1.0,21.0,25.7,18.6,32.7
565,1958.0,2.0,10.0,27.1,20.4,33.8
566,1958.0,3.0,58.0,31.2,24.5,37.8
567,1958.0,4.0,86.0,31.3,24.8,37.7
568,1958.0,5.0,50.0,32.1,25.7,38.5
569,1958.0,6.0,93.0,30.2,24.8,35.5
570,1958.0,7.0,136.0,29.2,24.4,34.0
571,1958.0,8.0,113.0,28.6,24.0,33.1
572,1958.0,9.0,291.0,28.3,24.0,32.5
573,1958.0,10.0,43.0,28.0,23.7,32.3
574,1958.0,11.0,0.0,25.6,19.5,31.6
575,1958.0,12.0,0.0,23.5,15.7,31.3
576,1959.0,1.0,0.0,24.7,16.2,33.2
577,1959.0,2.0,71.0,29.4,22.1,36.7
578,1959.0,3.0,100.0,28.9,22.0,35.8
579,1959.0,4.0,65.0,31.5,25.2,37.8
580,1959.0,5.0,110.0,30.3,24.5,36.0
581,1959.0,6.0,71.0,30.7,24.8,36.5
582,1959.0,7.0,223.0,28.5,24.0,32.9
583,1959.0,8.0,163.0,28.5,23.8,33.1
584,1959.0,9.0,301.0,27.9,23.9,31.8
585,1959.0,10.0,18.0,28.1,24.0,32.1
586,1959.0,11.0,0.0,27.3,21.7,32.8
587,1959.0,12.0,0.0,26.9,20.3,33.5
588,1960.0,1.0,1.0,25.9,18.9,32.9
589,1960.0,2.0,0.0,27.3,19.9,34.7
590,1960.0,3.0,0.0,31.8,25.0,38.6
591,1960.0,4.0,45.0,33.0,26.7,39.3
592,1960.0,5.0,64.0,31.5,25.7,37.2
593,1960.0,6.0,154.0,29.7,24.6,34.7
594,1960.0,7.0,179.0,28.8,24.4,33.2
595,1960.0,8.0,106.0,28.9,24.6,33.1
596,1960.0,9.0,174.0,28.6,24.3,32.8
597,1960.0,10.0,142.0,27.6,23.7,31.5
598,1960.0,11.0,21.0,27.3,22.3,32.2
599,1960.0,12.0,0.0,24.2,17.4,30.9
600,1961.0,1.0,0.0,24.2,16.6,31.8
601,1961.0,2.0,31.0,28.7,22.6,34.8
602,1961.0,3.0,7.0,30.8,23.8,37.7
603,1961.0,4.0,56.0,32.2,25.8,38.6
604,1961.0,5.0,195.0,29.3,24.9,33.8
605,1961.0,6.0,139.0,28.6,24.3,32.9
606,1961.0,7.0,163.0,28.3,23.9,32.7
607,1961.0,8.0,93.0,28.0,23.8,32.2
608,1961.0,9.0,169.0,27.6,23.6,31.7
609,1961.0,10.0,190.0,27.0,23.0,31.1
610,1961.0,11.0,0.0,26.6,21.7,31.5
611,1961.0,12.0,13.0,25.1,18.6,31.7
612,1962.0,1.0,0.0,23.5,16.7,30.3
613,1962.0,2.0,0.0,26.0,18.3,33.6
614,1962.0,3.0,4.0,30.5,24.0,37.1
615,1962.0,4.0,76.0,32.2,25.1,39.2
616,1962.0,5.0,68.0,30.8,24.8,36.8
617,1962.0,6.0,97.0,29.6,24.2,35.0
618,1962.0,7.0,101.0,28.7,23.9,33.5
619,1962.0,8.0,227.0,28.3,23.3,33.3
620,1962.0,9.0,354.0,27.3,-999.9,31.6
621,1962.0,10.0,87.0,27.1,-999.9,31.9
622,1962.0,11.0,2.0,26.0,20.0,32.0
623,1962.0,12.0,0.0,23.0,15.5,30.5
624,1963.0,1.0,0.0,21.7,13.9,29.6
625,1963.0,2.0,0.0,27.4,20.7,34.0
626,1963.0,3.0,3.0,30.2,23.6,36.8
627,1963.0,4.0,27.0,32.2,25.6,38.5
628,1963.0,5.0,13.0,33.4,26.9,39.9
629,1963.0,6.0,159.0,30.2,25.5,34.8
630,1963.0,7.0,150.0,28.3,24.3,32.4
631,1963.0,8.0,209.0,28.5,24.2,32.8
632,1963.0,9.0,261.0,28.4,24.2,32.5
633,1963.0,10.0,297.0,27.7,23.6,31.8
634,1963.0,11.0,115.0,27.3,22.7,31.8
635,1963.0,12.0,2.0,24.7,18.6,30.9
636,1964.0,1.0,3.0,26.3,18.6,33.9
637,1964.0,2.0,4.0,27.5,20.4,34.7
638,1964.0,3.0,26.0,30.2,23.3,37.2
639,1964.0,4.0,136.0,32.2,25.7,38.3
640,1964.0,5.0,162.0,29.6,25.0,34.1
641,1964.0,6.0,94.0,29.5,24.6,34.2
642,1964.0,7.0,249.0,28.8,23.9,33.6
643,1964.0,8.0,185.0,28.7,24.4,33.1
644,1964.0,9.0,437.0,28.2,24.1,32.3
645,1964.0,10.0,158.0,27.9,24.1,31.7
646,1964.0,11.0,6.0,25.1,20.8,29.4
647,1964.0,12.0,6.0,23.4,17.7,29.2
648,1965.0,1.0,0.0,23.5,15.9,31.0
649,1965.0,2.0,27.0,28.2,22.3,34.1
650,1965.0,3.0,107.0,29.3,23.2,35.4
651,1965.0,4.0,55.0,31.5,25.3,37.6
652,1965.0,5.0,117.0,30.6,25.0,36.2
653,1965.0,6.0,154.0,28.6,24.5,32.8
654,1965.0,7.0,40.0,29.4,24.3,34.5
655,1965.0,8.0,250.0,29.2,24.2,34.4
656,1965.0,9.0,222.0,28.1,23.8,32.4
657,1965.0,10.0,122.0,28.0,23.7,32.3
658,1965.0,11.0,15.0,26.9,21.7,32.0
659,1965.0,12.0,0.0,26.1,20.3,32.0
660,1966.0,1.0,51.0,26.5,20.1,32.9
661,1966.0,2.0,22.0,28.6,22.6,34.6
662,1966.0,3.0,18.0,31.2,24.4,38.1
663,1966.0,4.0,51.0,32.1,26.0,38.2
664,1966.0,5.0,136.0,30.1,25.2,35.1
665,1966.0,6.0,122.0,29.5,24.7,34.4
666,1966.0,7.0,106.0,29.3,24.7,33.8
667,1966.0,8.0,226.0,28.9,24.5,33.4
668,1966.0,9.0,157.0,27.9,23.8,32.0
669,1966.0,10.0,335.0,28.0,24.0,32.0
670,1966.0,11.0,133.0,26.4,21.5,31.3
671,1966.0,12.0,61.0,26.2,20.7,31.6
672,1967.0,1.0,0.0,24.2,18.4,30.3
673,1967.0,2.0,2.0,26.9,20.3,33.5
674,1967.0,3.0,4.0,29.7,22.7,36.8
675,1967.0,4.0,109.0,30.9,24.6,37.1
676,1967.0,5.0,103.0,30.2,25.2,35.3
677,1967.0,6.0,72.0,30.3,24.8,35.8
678,1967.0,7.0,79.0,30.1,24.7,35.4
679,1967.0,8.0,158.0,29.2,24.5,34.0
680,1967.0,9.0,346.0,28.3,23.9,32.6
681,1967.0,10.0,114.0,27.2,22.8,31.6
682,1967.0,11.0,91.0,26.3,21.2,31.4
683,1967.0,12.0,0.0,23.3,16.6,30.0
684,1968.0,1.0,26.0,24.5,16.8,32.2
685,1968.0,2.0,13.0,27.4,21.2,33.5
686,1968.0,3.0,37.0,29.9,23.6,36.3
687,1968.0,4.0,51.0,30.6,24.8,36.5
688,1968.0,5.0,114.0,30.2,25.0,35.5
689,1968.0,6.0,118.0,29.4,24.6,34.3
690,1968.0,7.0,201.0,29.2,24.3,34.1
691,1968.0,8.0,157.0,28.9,24.1,33.7
692,1968.0,9.0,95.0,28.4,23.5,33.2
693,1968.0,10.0,74.0,27.6,22.9,32.2
694,1968.0,11.0,1.0,27.7,21.6,33.8
695,1968.0,12.0,0.0,26.8,19.3,34.2
696,1969.0,1.0,54.0,27.7,21.3,34.1
697,1969.0,2.0,0.0,28.8,21.8,35.8
698,1969.0,3.0,35.0,31.2,24.8,37.6
699,1969.0,4.0,91.0,32.0,25.6,38.5
700,1969.0,5.0,104.0,31.2,25.5,37.2
701,1969.0,6.0,233.0,29.6,24.1,35.1
702,1969.0,7.0,116.0,28.0,23.0,33.0
703,1969.0,8.0,74.0,28.0,-999.9,33.4
704,1969.0,9.0,298.0,27.4,22.7,32.2
705,1969.0,10.0,98.0,27.4,22.6,32.3
706,1969.0,11.0,3.0,24.9,19.2,30.7
707,1969.0,12.0,0.0,23.0,15.8,30.3
708,1970.0,1.0,0.0,25.3,18.0,32.7
709,1970.0,2.0,21.0,27.3,19.7,34.9
710,1970.0,3.0,111.0,30.5,23.1,37.8
711,1970.0,4.0,81.0,29.8,-999.9,36.4
712,1970.0,5.0,297.0,29.2,23.2,35.2
713,1970.0,6.0,289.0,28.6,23.6,33.6
714,1970.0,7.0,128.0,28.2,23.4,33.0
715,1970.0,8.0,201.0,27.6,-999.9,32.3
716,1970.0,9.0,163.0,27.7,23.4,32.1
717,1970.0,10.0,160.0,26.9,22.9,31.1
718,1970.0,11.0,11.0,25.9,21.0,30.8
719,1970.0,12.0,24.0,25.3,19.7,30.9
720,1971.0,1.0,5.0,24.6,16.4,31.0
721,1971.0,2.0,109.0,27.3,19.3,33.4
722,1971.0,3.0,64.0,29.1,22.3,34.5
723,1971.0,4.0,13.0,31.4,24.2,37.6
724,1971.0,5.0,163.0,30.1,24.3,35.5
725,1971.0,6.0,43.0,29.4,24.6,34.3
726,1971.0,7.0,43.0,28.7,24.3,32.9
727,1971.0,8.0,411.0,28.3,23.7,33.1
728,1971.0,9.0,81.0,28.4,24.1,32.3
729,1971.0,10.0,52.0,27.1,22.8,30.8
730,1971.0,11.0,3.0,25.2,19.0,30.2
731,1971.0,12.0,9.0,25.4,19.2,30.6
732,1972.0,1.0,0.0,24.5,16.6,31.0
733,1972.0,2.0,3.0,29.2,21.8,35.4
734,1972.0,3.0,14.0,29.9,23.3,35.8
735,1972.0,4.0,117.0,30.8,25.2,36.0
736,1972.0,5.0,35.0,32.7,26.8,38.1
737,1972.0,6.0,109.0,29.8,25.1,34.8
738,1972.0,7.0,44.0,30.1,25.7,34.7
739,1972.0,8.0,238.0,28.8,24.6,33.4
740,1972.0,9.0,246.0,28.5,24.4,32.5
741,1972.0,10.0,189.0,28.5,24.3,32.7
742,1972.0,11.0,63.0,27.5,23.1,31.6
743,1972.0,12.0,43.0,26.3,20.3,31.4
744,1973.0,1.0,0.0,25.8,16.3,33.0
745,1973.0,2.0,0.0,29.8,21.6,36.4
746,1973.0,3.0,109.0,30.8,24.8,36.6
747,1973.0,4.0,27.0,33.6,26.9,39.6
748,1973.0,5.0,148.0,30.5,25.4,35.9
749,1973.0,6.0,131.0,30.1,25.6,34.7
750,1973.0,7.0,189.0,29.7,25.0,34.4
751,1973.0,8.0,219.0,28.5,24.4,32.9
752,1973.0,9.0,193.0,28.0,24.3,32.2
753,1973.0,10.0,60.0,28.0,23.3,31.9
754,1973.0,11.0,9.0,25.9,20.4,30.5
755,1973.0,12.0,0.0,23.7,15.9,30.0
756,1974.0,1.0,0.0,25.1,17.2,31.7
757,1974.0,2.0,0.0,27.5,20.1,33.9
758,1974.0,3.0,13.0,30.0,23.7,35.6
759,1974.0,4.0,22.0,31.3,25.4,37.0
760,1974.0,5.0,139.0,29.4,25.0,34.7
761,1974.0,6.0,120.0,29.2,24.7,33.9
762,1974.0,7.0,178.0,28.8,24.0,33.6
763,1974.0,8.0,122.0,28.6,24.5,32.6
764,1974.0,9.0,218.0,27.9,23.7,32.8
765,1974.0,10.0,270.0,27.9,24.1,32.1
766,1974.0,11.0,34.0,26.5,21.5,30.8
767,1974.0,12.0,0.0,26.4,20.3,31.9
768,1975.0,1.0,103.0,25.3,20.3,29.9
769,1975.0,2.0,27.0,28.1,20.5,34.1
770,1975.0,3.0,37.0,30.4,24.5,35.9
771,1975.0,4.0,15.0,32.6,26.2,38.3
772,1975.0,5.0,118.0,29.9,25.1,35.1
773,1975.0,6.0,46.0,30.0,25.4,34.4
774,1975.0,7.0,140.0,29.0,24.3,33.5
775,1975.0,8.0,232.0,28.5,24.5,33.0
776,1975.0,9.0,262.0,27.5,24.0,31.3
777,1975.0,10.0,192.0,27.9,23.8,31.8
778,1975.0,11.0,55.0,26.3,21.1,30.9
779,1975.0,12.0,2.0,23.0,16.2,28.7
780,1976.0,1.0,-999.9,23.5,14.4,31.0
781,1976.0,2.0,-999.9,28.2,21.3,34.3
782,1976.0,3.0,38.0,30.4,24.0,36.2
783,1976.0,4.0,90.0,32.3,25.6,37.9
784,1976.0,5.0,315.0,28.2,24.6,33.4
785,1976.0,6.0,43.0,29.3,24.6,34.9
786,1976.0,7.0,111.0,28.7,24.5,34.2
787,1976.0,8.0,224.0,27.1,23.7,32.0
788,1976.0,9.0,176.0,27.5,24.3,32.3
789,1976.0,10.0,111.0,27.8,24.4,32.6
790,1976.0,11.0,-999.9,25.2,20.4,30.9
791,1976.0,12.0,-999.9,25.0,19.2,31.9
792,1977.0,1.0,0.0,25.9,19.5,33.1
793,1977.0,2.0,0.0,26.5,20.4,33.6
794,1977.0,3.0,17.0,29.0,23.7,35.4
795,1977.0,4.0,39.0,31.1,25.6,37.7
796,1977.0,5.0,219.0,29.6,24.9,35.7
797,1977.0,6.0,33.0,30.8,26.0,36.8
798,1977.0,7.0,56.0,29.5,25.4,35.3
799,1977.0,8.0,176.0,28.7,24.9,34.2
800,1977.0,9.0,85.0,27.6,24.4,32.5
801,1977.0,10.0,41.0,28.2,24.3,33.4
802,1977.0,11.0,0.0,26.4,20.9,32.8
803,1977.0,12.0,-999.9,25.9,19.9,32.9
804,1978.0,1.0,1.0,26.7,20.8,33.4
805,1978.0,2.0,56.0,27.6,23.0,33.1
806,1978.0,3.0,11.0,31.5,25.9,38.3
807,1978.0,4.0,22.0,31.9,26.7,38.7
808,1978.0,5.0,86.0,30.3,26.2,36.3
809,1978.0,6.0,163.0,29.3,25.3,34.8
810,1978.0,7.0,254.0,27.8,24.4,32.6
811,1978.0,8.0,143.0,27.9,24.5,32.6
812,1978.0,9.0,332.0,27.2,24.2,31.6
813,1978.0,10.0,140.0,27.4,23.6,32.0
814,1978.0,11.0,3.0,26.2,20.9,32.0
815,1978.0,12.0,0.0,24.8,18.6,31.9
816,1979.0,1.0,0.0,27.5,21.0,34.5
817,1979.0,2.0,3.0,29.2,23.1,36.0
818,1979.0,3.0,0.0,31.4,25.1,38.8
819,1979.0,4.0,56.0,31.6,26.3,38.5
820,1979.0,5.0,80.0,31.1,26.5,36.9
821,1979.0,6.0,50.0,29.3,25.6,34.6
822,1979.0,7.0,69.0,30.0,25.5,35.9
823,1979.0,8.0,140.0,28.5,25.0,33.5
824,1979.0,9.0,279.0,27.9,24.3,32.9
825,1979.0,10.0,0.0,27.6,22.4,33.6
826,1979.0,11.0,0.0,25.7,19.2,33.3
827,1979.0,12.0,0.0,24.8,17.5,33.0
828,1980.0,1.0,0.0,25.5,17.4,34.0
829,1980.0,2.0,22.0,28.5,22.2,35.5
830,1980.0,3.0,14.0,31.1,25.1,37.7
831,1980.0,4.0,23.0,33.0,27.4,39.8
832,1980.0,5.0,154.0,31.7,26.8,37.8
833,1980.0,6.0,129.0,28.5,25.1,33.6
834,1980.0,7.0,181.0,28.7,24.8,34.1
835,1980.0,8.0,123.0,28.0,24.4,33.0
836,1980.0,9.0,305.0,27.3,24.1,31.8
837,1980.0,10.0,221.0,27.4,24.2,31.8
838,1980.0,11.0,50.0,26.7,22.2,32.1
839,1980.0,12.0,0.0,25.2,19.1,32.1
840,1981.0,1.0,0.0,23.9,16.6,32.1
841,1981.0,2.0,8.0,28.0,21.6,34.8
842,1981.0,3.0,37.0,30.1,24.3,36.9
843,1981.0,4.0,131.0,30.0,25.1,35.9
844,1981.0,5.0,142.0,29.5,25.7,34.9
845,1981.0,6.0,331.0,28.6,25.0,34.0
846,1981.0,7.0,207.0,27.8,-999.9,32.9
847,1981.0,8.0,210.0,27.8,24.2,32.8
848,1981.0,9.0,187.0,27.9,24.2,33.0
849,1981.0,10.0,85.0,27.6,23.8,32.5
850,1981.0,11.0,114.0,26.1,22.5,30.6
851,1981.0,12.0,0.0,23.2,17.4,29.3
852,1982.0,1.0,0.0,24.1,17.2,-999.9
853,1982.0,2.0,0.0,28.5,22.8,35.6
854,1982.0,3.0,2.0,30.4,25.1,37.3
855,1982.0,4.0,91.0,30.4,24.9,36.8
856,1982.0,5.0,89.0,30.6,25.5,36.6
857,1982.0,6.0,58.0,29.4,25.4,34.9
858,1982.0,7.0,98.0,28.7,24.5,34.1
859,1982.0,8.0,226.0,27.7,24.1,32.8
860,1982.0,9.0,248.0,27.4,23.8,32.1
861,1982.0,10.0,97.0,27.6,23.6,32.3
862,1982.0,11.0,48.0,27.5,22.7,32.8
863,1982.0,12.0,11.0,22.5,16.1,29.3
864,1983.0,1.0,49.0,23.9,17.6,30.8
865,1983.0,2.0,0.0,28.5,22.4,35.6
866,1983.0,3.0,0.0,30.5,24.2,37.8
867,1983.0,4.0,0.0,32.8,26.8,40.1
868,1983.0,5.0,107.0,31.0,25.7,36.8
869,1983.0,6.0,75.0,30.1,25.0,36.0
870,1983.0,7.0,233.0,29.1,24.3,34.8
871,1983.0,8.0,245.0,28.2,24.2,32.9
872,1983.0,9.0,220.0,28.4,23.7,32.5
873,1983.0,10.0,201.0,27.1,23.4,31.5
874,1983.0,11.0,61.0,24.8,20.1,29.6
875,1983.0,12.0,13.0,23.4,17.3,29.7
876,1984.0,1.0,0.0,24.1,17.7,31.1
877,1984.0,2.0,22.0,28.4,22.9,34.9
878,1984.0,3.0,4.0,29.9,23.8,36.8
879,1984.0,4.0,48.0,31.3,25.7,38.3
880,1984.0,5.0,106.0,30.0,24.8,36.1
881,1984.0,6.0,95.0,29.2,25.0,34.8
882,1984.0,7.0,233.0,27.9,23.6,33.4
883,1984.0,8.0,120.0,28.2,24.3,33.2
884,1984.0,9.0,191.0,27.6,23.4,32.9
885,1984.0,10.0,59.0,26.9,22.9,31.6
886,1984.0,11.0,9.0,26.5,21.2,32.1
887,1984.0,12.0,0.0,25.0,18.8,31.2
888,1985.0,1.0,2.0,26.4,20.6,33.5
889,1985.0,2.0,0.0,29.0,23.0,36.4
890,1985.0,3.0,25.0,30.7,25.1,37.7
891,1985.0,4.0,44.0,31.6,25.9,38.8
892,1985.0,5.0,199.0,29.3,25.3,35.2
893,1985.0,6.0,90.0,28.4,25.2,33.7
894,1985.0,7.0,98.0,27.7,24.4,32.9
895,1985.0,8.0,218.0,28.1,24.7,33.3
896,1985.0,9.0,270.0,27.4,24.4,32.3
897,1985.0,10.0,208.0,27.0,23.9,31.3
898,1985.0,11.0,44.0,26.8,23.1,31.6
899,1985.0,12.0,0.0,24.0,18.3,30.5
900,1986.0,1.0,0.0,23.6,16.9,31.4
901,1986.0,2.0,2.0,28.0,21.8,35.2
902,1986.0,3.0,0.0,29.1,23.3,36.7
903,1986.0,4.0,81.0,31.0,25.8,38.3
904,1986.0,5.0,174.0,28.9,24.9,34.3
905,1986.0,6.0,52.0,29.7,25.6,35.1
906,1986.0,7.0,92.0,28.9,25.3,34.6
907,1986.0,8.0,275.0,28.3,24.6,33.8
908,1986.0,9.0,127.0,28.3,24.6,33.4
909,1986.0,10.0,88.0,28.0,24.4,32.8
910,1986.0,11.0,5.0,26.2,21.4,32.0
911,1986.0,12.0,2.0,25.0,19.3,31.6
912,1987.0,1.0,0.0,25.7,19.3,33.2
913,1987.0,2.0,39.0,28.1,22.2,35.2
914,1987.0,3.0,37.0,29.2,24.2,35.6
915,1987.0,4.0,100.0,31.5,25.9,38.6
916,1987.0,5.0,71.0,31.1,26.3,37.5
917,1987.0,6.0,109.0,30.1,26.2,35.8
918,1987.0,7.0,92.0,30.2,26.0,36.2
919,1987.0,8.0,113.0,29.0,25.2,34.3
920,1987.0,9.0,338.0,27.9,24.6,32.7
921,1987.0,10.0,90.0,27.8,24.4,32.5
922,1987.0,11.0,134.0,27.5,24.5,31.7
923,1987.0,12.0,0.0,22.0,16.2,28.9
924,1988.0,1.0,0.0,26.0,19.7,33.6
925,1988.0,2.0,14.0,29.2,24.0,35.9
926,1988.0,3.0,65.0,31.4,25.4,37.7
927,1988.0,4.0,166.0,30.8,25.9,37.1
928,1988.0,5.0,188.0,28.8,25.2,34.2
929,1988.0,6.0,186.0,28.8,25.0,34.4
930,1988.0,7.0,225.0,28.5,24.8,33.9
931,1988.0,8.0,186.0,28.0,24.7,33.2
932,1988.0,9.0,332.0,28.3,24.6,33.7
933,1988.0,10.0,267.0,27.2,24.2,31.7
934,1988.0,11.0,0.0,24.7,20.3,29.9
935,1988.0,12.0,0.0,23.9,17.9,30.7
936,1989.0,1.0,1.0,26.5,20.8,33.4
937,1989.0,2.0,0.0,28.2,22.6,35.1
938,1989.0,3.0,17.0,29.3,24.1,36.1
939,1989.0,4.0,5.0,32.3,26.7,39.4
940,1989.0,5.0,73.0,30.4,26.0,36.8
941,1989.0,6.0,95.0,29.1,25.1,34.8
942,1989.0,7.0,97.0,29.1,25.2,34.4
943,1989.0,8.0,263.0,28.7,24.8,34.5
944,1989.0,9.0,158.0,28.2,24.4,33.6
945,1989.0,10.0,117.0,27.8,23.9,32.4
946,1989.0,11.0,16.0,26.5,21.4,32.0
947,1989.0,12.0,0.0,23.9,16.9,31.6
948,1990.0,1.0,0.0,27.4,21.5,34.2
949,1990.0,2.0,29.0,29.1,23.4,35.9
950,1990.0,3.0,45.0,30.0,24.5,36.5
951,1990.0,4.0,0.0,31.9,25.9,38.8
952,1990.0,5.0,244.0,30.1,25.7,36.1
953,1990.0,6.0,79.0,29.7,25.6,34.8
954,1990.0,7.0,52.0,29.2,25.1,34.6
955,1990.0,8.0,156.0,29.0,24.7,34.6
956,1990.0,9.0,198.0,28.2,24.3,33.6
957,1990.0,10.0,212.0,27.8,24.2,32.2
958,1990.0,11.0,32.0,26.6,21.9,32.1
959,1990.0,12.0,0.0,24.9,18.4,31.9
960,1991.0,1.0,0.0,27.5,21.3,34.7
961,1991.0,2.0,0.0,27.9,20.7,35.9
962,1991.0,3.0,19.0,31.7,26.0,39.0
963,1991.0,4.0,44.0,31.9,26.3,38.6
964,1991.0,5.0,115.0,31.4,26.4,38.0
965,1991.0,6.0,25.0,29.8,25.8,35.0
966,1991.0,7.0,80.0,30.0,25.7,35.5
967,1991.0,8.0,123.0,28.4,25.0,33.5
968,1991.0,9.0,66.0,28.7,25.2,33.5
969,1991.0,10.0,128.0,27.6,23.7,32.4
970,1991.0,11.0,0.0,26.0,20.0,32.0
971,1991.0,12.0,9.0,25.3,19.7,31.6
972,1992.0,1.0,1.0,24.7,18.4,31.6
973,1992.0,2.0,0.0,27.8,21.3,35.0
974,1992.0,3.0,0.0,30.7,24.4,38.1
975,1992.0,4.0,18.0,33.2,27.1,40.5
976,1992.0,5.0,155.0,31.8,26.5,38.7
977,1992.0,6.0,136.0,29.6,25.5,34.8
978,1992.0,7.0,145.0,29.0,25.1,34.1
979,1992.0,8.0,135.0,28.3,25.0,33.1
980,1992.0,9.0,207.0,28.2,24.5,33.3
981,1992.0,10.0,172.0,26.6,23.1,30.8
982,1992.0,11.0,0.0,25.0,19.5,30.8
983,1992.0,12.0,-999.9,24.5,18.1,31.6
984,1993.0,1.0,0.0,25.7,19.5,32.8
985,1993.0,2.0,0.0,27.0,20.1,34.5
986,1993.0,3.0,64.0,30.1,24.8,36.5
987,1993.0,4.0,30.0,31.4,26.0,37.6
988,1993.0,5.0,92.0,31.0,25.9,37.2
989,1993.0,6.0,54.0,30.6,25.9,36.6
990,1993.0,7.0,104.0,30.3,25.8,35.9
991,1993.0,8.0,148.0,28.5,24.8,33.4
992,1993.0,9.0,322.0,28.0,24.3,32.9
993,1993.0,10.0,77.0,27.9,23.8,32.9
994,1993.0,11.0,0.0,26.9,21.2,33.4
995,1993.0,12.0,0.0,24.4,18.1,31.6
996,1994.0,1.0,0.0,26.7,19.7,34.6
997,1994.0,2.0,0.0,30.1,24.0,37.2
998,1994.0,3.0,175.0,29.3,24.2,35.7
999,1994.0,4.0,25.0,31.6,26.2,37.9
1000,1994.0,5.0,235.0,29.7,25.6,35.0
1001,1994.0,6.0,186.0,28.9,25.6,33.7
1002,1994.0,7.0,42.0,28.7,25.2,33.1
1003,1994.0,8.0,157.0,28.0,24.7,32.9
1004,1994.0,9.0,100.0,28.3,24.6,33.3
1005,1994.0,10.0,73.0,26.8,22.2,32.4
1006,1994.0,11.0,-999.9,26.6,20.7,32.8
1007,1994.0,12.0,-999.9,26.1,19.8,33.2
1008,1995.0,1.0,1.0,26.1,19.7,33.5
1009,1995.0,2.0,-999.9,27.8,21.2,35.4
1010,1995.0,3.0,-999.9,31.1,25.4,38.2
1011,1995.0,4.0,-999.9,32.5,27.1,39.6
1012,1995.0,5.0,-999.9,30.5,26.3,36.0
1013,1995.0,6.0,181.0,29.6,25.5,35.1
1014,1995.0,7.0,220.0,28.6,24.8,33.4
1015,1995.0,8.0,-999.9,28.1,24.8,33.0
1016,1995.0,9.0,343.0,28.1,24.8,32.8
1017,1995.0,10.0,90.0,28.0,24.5,32.5
1018,1995.0,11.0,18.0,26.3,22.1,31.2
1019,1995.0,12.0,0.0,23.9,17.7,30.9
1020,1996.0,1.0,0.0,25.0,18.4,32.9
1021,1996.0,2.0,19.0,26.0,19.7,33.4
1022,1996.0,3.0,150.0,30.2,24.7,37.4
1023,1996.0,4.0,131.0,30.4,25.6,36.8
1024,1996.0,5.0,152.0,29.0,25.0,34.8
1025,1996.0,6.0,132.0,28.7,25.0,34.2
1026,1996.0,7.0,63.0,28.9,25.1,34.1
1027,1996.0,8.0,128.0,28.6,25.0,33.7
1028,1996.0,9.0,242.0,27.7,24.6,32.6
1029,1996.0,10.0,155.0,27.6,24.3,32.4
1030,1996.0,11.0,131.0,26.9,23.1,32.0
1031,1996.0,12.0,0.0,23.9,18.6,30.4
1032,1997.0,1.0,0.0,24.5,18.3,32.2
1033,1997.0,2.0,0.0,27.6,-999.9,-999.9
1034,1997.0,3.0,112.0,29.7,-999.9,-999.9
1035,1997.0,4.0,68.0,29.6,-999.9,-999.9
1036,1997.0,5.0,127.0,30.6,-999.9,-999.9
1037,1997.0,6.0,73.0,30.6,25.6,37.1
1038,1997.0,7.0,110.0,28.8,25.2,34.3
1039,1997.0,8.0,122.0,28.8,-999.9,-999.9
1040,1997.0,9.0,286.0,27.7,24.1,33.2
1041,1997.0,10.0,116.0,28.3,24.5,33.6
1042,1997.0,11.0,3.0,27.3,22.5,33.3
1043,1997.0,12.0,0.0,26.6,20.5,34.2
1044,1998.0,1.0,1.0,27.1,20.7,34.8
1045,1998.0,2.0,-888.8,29.7,23.8,36.9
1046,1998.0,3.0,13.0,31.5,25.7,38.5
1047,1998.0,4.0,12.0,32.4,27.1,39.3
1048,1998.0,5.0,199.0,31.3,26.8,37.8
1049,1998.0,6.0,152.0,30.0,26.0,35.4
1050,1998.0,7.0,263.0,29.1,25.3,34.1
1051,1998.0,8.0,174.0,28.9,25.2,34.1
1052,1998.0,9.0,169.0,28.4,24.9,33.6
1053,1998.0,10.0,89.0,28.1,24.3,33.2
1054,1998.0,11.0,39.0,26.9,22.7,32.3
1055,1998.0,12.0,6.0,25.3,20.1,31.5
1056,1999.0,1.0,3.0,25.7,19.9,32.9
1057,1999.0,2.0,22.0,27.4,21.3,34.6
1058,1999.0,3.0,10.0,30.5,24.6,37.8
1059,1999.0,4.0,125.0,29.3,25.2,35.2
1060,1999.0,5.0,345.0,28.4,24.8,33.4
1061,1999.0,6.0,67.0,28.8,-999.9,-999.9
1062,1999.0,7.0,157.0,28.8,25.1,34.1
1063,1999.0,8.0,124.0,28.2,24.7,33.3
1064,1999.0,9.0,193.0,27.9,-999.9,-999.9
1065,1999.0,10.0,172.0,27.3,23.5,32.1
1066,1999.0,11.0,40.0,26.5,22.6,31.8
1067,1999.0,12.0,-888.8,22.4,17.3,28.8
1068,2000.0,1.0,0.0,25.8,19.9,33.4
1069,2000.0,2.0,9.0,26.4,20.5,33.8
1070,2000.0,3.0,38.0,29.4,23.4,36.4
1071,2000.0,4.0,181.0,-999.9,-999.9,-999.9
1072,2000.0,5.0,167.0,28.9,24.9,34.3
1073,2000.0,6.0,270.0,28.5,25.1,33.5
1074,2000.0,7.0,117.0,28.4,25.0,33.5
1075,2000.0,8.0,89.0,28.5,-999.9,-999.9
1076,2000.0,9.0,176.0,27.6,24.3,32.5
1077,2000.0,10.0,210.0,27.9,24.5,33.1
1078,2000.0,11.0,-888.8,25.9,21.1,32.1
1079,2000.0,12.0,0.0,26.1,20.7,32.7
1080,2001.0,1.0,3.0,28.0,-999.9,-999.9
1081,2001.0,2.0,30.0,28.5,21.9,35.1
1082,2001.0,3.0,66.0,29.5,24.7,34.3
1083,2001.0,4.0,35.0,33.4,27.4,39.3
1084,2001.0,5.0,217.0,28.8,25.2,34.6
1085,2001.0,6.0,164.0,28.9,25.2,34.2
1086,2001.0,7.0,185.0,28.9,25.3,34.0
1087,2001.0,8.0,116.0,28.6,25.2,33.3
1088,2001.0,9.0,193.0,28.3,-999.9,-999.9
1089,2001.0,10.0,104.0,28.1,-999.9,-999.9
1090,2001.0,11.0,6.0,25.0,20.3,31.3
1091,2001.0,12.0,0.0,25.7,-999.9,-999.9
1092,2002.0,1.0,26.0,25.0,19.0,32.3
1093,2002.0,2.0,0.0,28.5,23.3,35.4
1094,2002.0,3.0,6.0,30.3,25.2,36.9
1095,2002.0,4.0,39.0,31.5,-999.9,-999.9
1096,2002.0,5.0,174.0,29.5,25.7,35.3
1097,2002.0,6.0,165.0,29.2,25.2,34.8
1098,2002.0,7.0,165.0,29.2,-999.9,-999.9
1099,2002.0,8.0,216.0,28.4,24.8,33.5
1100,2002.0,9.0,307.0,27.6,24.6,32.3
1101,2002.0,10.0,187.0,28.0,24.1,33.3
1102,2002.0,11.0,14.0,27.2,23.4,32.4
1103,2002.0,12.0,50.0,26.5,22.1,32.4
1104,2003.0,1.0,0.0,24.6,18.4,32.0
1105,2003.0,2.0,40.0,27.5,22.0,34.7
1106,2003.0,3.0,49.0,29.0,24.0,35.6
1107,2003.0,4.0,35.0,31.6,26.2,38.5
1108,2003.0,5.0,94.0,30.8,26.0,37.3
1109,2003.0,6.0,205.0,28.8,25.2,34.3
1110,2003.0,7.0,159.0,28.4,24.6,33.7
1111,2003.0,8.0,202.0,28.6,25.0,33.8
1112,2003.0,9.0,258.0,27.8,24.6,33.0
1113,2003.0,10.0,69.0,28.3,24.3,33.9
1114,2003.0,11.0,1.0,27.8,22.4,34.7
1115,2003.0,12.0,0.0,24.4,18.1,32.3
1116,2004.0,1.0,-888.8,25.9,19.9,33.5
1117,2004.0,2.0,72.0,26.4,20.9,33.0
1118,2004.0,3.0,-999.9,30.5,24.9,37.7
1119,2004.0,4.0,13.0,32.5,26.7,39.8
1120,2004.0,5.0,47.0,30.1,26.1,36.6
1121,2004.0,6.0,147.0,29.0,25.3,34.5
1122,2004.0,7.0,228.0,28.5,24.5,34.1
1123,2004.0,8.0,120.0,28.7,25.2,34.1
1124,2004.0,9.0,302.0,28.1,24.3,33.4
1125,2004.0,10.0,0.0,28.2,23.2,34.2
1126,2004.0,11.0,-888.8,27.7,21.8,34.6
1127,2004.0,12.0,0.0,24.2,17.4,32.7
1128,2005.0,1.0,-888.8,26.0,20.1,33.3
1129,2005.0,2.0,-888.8,29.8,24.7,36.8
1130,2005.0,3.0,119.0,29.8,24.5,36.5
1131,2005.0,4.0,40.0,31.2,26.7,37.2
1132,2005.0,5.0,44.0,31.0,26.4,37.4
1133,2005.0,6.0,156.0,29.8,25.9,35.2
1134,2005.0,7.0,164.0,28.7,25.0,34.0
1135,2005.0,8.0,269.0,28.8,-999.9,33.9
1136,2005.0,9.0,295.0,28.0,24.5,33.0
1137,2005.0,10.0,97.0,28.3,24.5,33.5
1138,2005.0,11.0,36.0,27.0,23.0,32.5
1139,2005.0,12.0,10.0,24.8,19.9,30.8
1140,2006.0,1.0,0.0,25.5,18.7,33.7
1141,2006.0,2.0,66.0,28.1,22.5,34.8
1142,2006.0,3.0,6.0,30.7,25.5,37.3
1143,2006.0,4.0,112.0,31.1,25.8,38.1
1144,2006.0,5.0,75.0,29.0,25.1,34.5
1145,2006.0,6.0,215.0,29.1,25.1,34.3
1146,2006.0,7.0,105.0,28.9,25.3,33.6
1147,2006.0,8.0,158.0,28.3,24.6,33.4
1148,2006.0,9.0,258.0,28.0,24.3,33.0
1149,2006.0,10.0,218.0,28.2,24.4,32.9
1150,2006.0,11.0,9.0,28.1,23.0,34.3
1151,2006.0,12.0,0.0,25.0,18.8,32.5
1152,2007.0,1.0,-888.8,25.4,-999.9,-999.9
1153,2007.0,2.0,-999.9,27.6,-999.9,-999.9
1154,2007.0,3.0,6.0,30.9,25.8,37.8
1155,2007.0,4.0,111.0,31.0,26.3,37.7
1156,2007.0,5.0,257.0,28.7,-999.9,-999.9
1157,2007.0,6.0,-888.8,-999.9,25.6,35.0
1158,2007.0,7.0,188.0,28.7,25.1,34.2
1159,2007.0,8.0,64.0,28.7,25.1,33.9
1160,2007.0,9.0,217.0,28.2,24.8,33.4
1161,2007.0,10.0,184.0,27.5,24.0,32.4
1162,2007.0,11.0,17.0,25.4,20.6,31.2
1163,2007.0,12.0,0.0,26.3,20.4,33.3
1164,2008.0,1.0,19.0,25.2,19.1,33.0
1165,2008.0,2.0,21.0,26.9,22.0,33.0
1166,2008.0,3.0,19.0,29.6,24.2,36.6
1167,2008.0,4.0,137.0,30.3,25.8,36.5
1168,2008.0,5.0,124.0,28.7,25.1,33.9
1169,2008.0,6.0,132.0,-999.9,25.1,34.2
1170,2008.0,7.0,151.0,28.5,25.1,33.8
1171,2008.0,8.0,217.0,28.2,24.6,33.4
1172,2008.0,9.0,380.0,27.9,24.6,32.9
1173,2008.0,10.0,242.0,28.1,24.8,32.9
1174,2008.0,11.0,45.0,25.9,22.0,31.0
1175,2008.0,12.0,-888.8,23.8,18.5,30.0
1176,2009.0,1.0,-888.8,23.2,16.9,30.5
1177,2009.0,2.0,0.0,28.4,22.6,35.4
1178,2009.0,3.0,33.0,29.6,24.9,36.0
1179,2009.0,4.0,58.0,30.5,25.5,36.6
1180,2009.0,5.0,285.0,29.3,25.8,34.7
1181,2009.0,6.0,117.0,29.0,25.7,34.0
1182,2009.0,7.0,192.0,28.5,25.4,33.2
1183,2009.0,8.0,224.0,29.1,25.5,34.6
1184,2009.0,9.0,297.0,28.6,25.2,33.9
1185,2009.0,10.0,208.0,28.2,24.9,32.7
1186,2009.0,11.0,2.0,26.4,21.8,32.1
1187,2009.0,12.0,0.0,25.5,20.1,32.2
1188,2010.0,1.0,26.0,26.3,21.8,32.0
1189,2010.0,2.0,0.0,29.8,24.8,36.1
1190,2010.0,3.0,-888.8,30.7,25.1,37.4
1191,2010.0,4.0,7.0,33.1,27.4,40.3
1192,2010.0,5.0,69.0,32.5,27.9,39.5
1193,2010.0,6.0,231.0,30.6,26.2,36.3
1194,2010.0,7.0,159.0,29.4,25.8,34.3
1195,2010.0,8.0,242.0,28.1,25.1,33.1
1196,2010.0,9.0,235.0,28.1,25.0,33.0
1197,2010.0,10.0,588.0,27.3,24.4,31.3
1198,2010.0,11.0,0.0,26.6,22.2,31.8
1199,2010.0,12.0,19.0,25.7,21.1,31.3
1200,2011.0,1.0,0.0,24.3,18.6,30.7
1201,2011.0,2.0,33.0,27.7,22.1,34.5
1202,2011.0,3.0,101.0,26.5,22.8,31.2
1203,2011.0,4.0,147.0,29.4,24.9,35.2
1204,2011.0,5.0,298.0,28.9,24.9,34.4
1205,2011.0,6.0,84.0,28.9,25.5,33.8
1206,2011.0,7.0,210.0,28.3,24.8,33.4
1207,2011.0,8.0,292.0,28.3,24.8,33.0
1208,2011.0,9.0,211.0,28.0,24.8,32.7
1209,2011.0,10.0,142.0,27.7,24.3,32.0
1210,2011.0,11.0,25.0,27.2,22.6,32.4
1211,2011.0,12.0,5.0,24.5,19.1,30.4
1212,2012.0,1.0,23.0,26.8,22.2,32.5
1213,2012.0,2.0,0.0,28.7,23.6,35.4
1214,2012.0,3.0,19.0,30.5,25.4,37.1
1215,2012.0,4.0,50.0,31.6,26.5,38.2
1216,2012.0,5.0,164.0,30.0,25.9,36.1
1217,2012.0,6.0,92.0,29.1,25.9,34.2
1218,2012.0,7.0,119.0,28.6,25.2,34.0
1219,2012.0,8.0,109.0,28.5,25.3,33.4
1220,2012.0,9.0,318.0,28.1,25.0,32.9
1221,2012.0,10.0,165.0,28.4,24.5,33.7
1222,2012.0,11.0,57.0,28.3,24.4,33.8
1223,2012.0,12.0,3.0,27.1,22.4,33.2
1224,2013.0,1.0,8.0,25.9,20.3,33.1
1225,2013.0,2.0,-888.8,28.8,23.3,35.6
1226,2013.0,3.0,67.0,30.3,25.2,37.0
1227,2013.0,4.0,63.0,31.8,26.3,38.8
1228,2013.0,5.0,130.0,31.1,26.8,37.4
1229,2013.0,6.0,136.0,29.3,25.7,34.5
1230,2013.0,7.0,81.0,28.6,25.2,33.8
1231,2013.0,8.0,-999.9,-999.9,-999.9,-999.9
1232,2013.0,9.0,353.0,27.8,24.7,33.2
1233,2013.0,10.0,89.0,27.9,24.3,32.8
1234,2013.0,11.0,16.0,27.7,23.6,33.2
1235,2013.0,12.0,0.0,22.7,16.8,29.6
1236,2014.0,1.0,0.0,23.1,15.6,31.2
1237,2014.0,2.0,0.0,28.2,22.3,35.4
1238,2014.0,3.0,24.0,30.7,25.1,37.8
1239,2014.0,4.0,21.0,31.1,26.2,37.8
1240,2014.0,5.0,91.0,30.7,26.4,36.9
1241,2014.0,6.0,161.0,29.9,26.3,35.5
1242,2014.0,7.0,104.0,29.3,25.7,34.8
1243,2014.0,8.0,221.0,28.5,25.1,34.1
1244,2014.0,9.0,131.0,28.5,24.9,33.9
1245,2014.0,10.0,118.0,27.9,24.2,33.4
1246,2014.0,11.0,13.0,27.8,-999.9,-999.9
1247,2014.0,12.0,-888.8,25.6,20.1,32.2
1248,2015.0,1.0,7.0,23.9,17.8,31.5
1249,2015.0,2.0,6.0,27.9,21.8,35.8
1250,2015.0,3.0,59.0,30.6,25.7,37.4
1251,2015.0,4.0,30.0,31.3,25.6,38.4
1252,2015.0,5.0,36.0,32.5,27.3,39.7
1253,2015.0,6.0,35.0,31.5,26.5,38.3
1254,2015.0,7.0,77.0,30.5,26.2,37.1
1255,2015.0,8.0,103.0,29.2,25.3,35.6
1256,2015.0,9.0,258.0,28.7,25.0,34.3
1257,2015.0,10.0,145.0,28.0,24.3,33.6
1258,2015.0,11.0,31.0,28.6,24.1,34.4
1259,2015.0,12.0,18.0,26.8,21.8,33.0
1260,2016.0,1.0,7.0,25.8,20.1,32.9
1261,2016.0,2.0,0.0,27.4,20.9,34.9
1262,2016.0,3.0,0.0,31.5,25.4,38.9
1263,2016.0,4.0,2.0,34.2,28.0,41.9
1264,2016.0,5.0,149.0,32.6,27.5,39.5
1265,2016.0,6.0,-999.9,-999.9,-999.9,-999.9
1266,2016.0,7.0,-999.9,-999.9,-999.9,-999.9
1267,2016.0,8.0,-999.9,-999.9,-999.9,-999.9
1268,2016.0,9.0,-999.9,-999.9,-999.9,-999.9
1269,2016.0,10.0,321.0,28.4,24.9,33.4
1270,2016.0,11.0,321.0,-999.9,-999.9,-999.9
1271,2016.0,12.0,-888.8,25.8,21.1,32.0
1272,2017.0,1.0,39.0,26.2,21.7,31.9
1273,2017.0,2.0,9.0,27.2,20.6,34.7
1274,2017.0,3.0,26.0,30.6,25.2,37.2
1275,2017.0,4.0,31.0,31.7,26.4,38.1
1276,2017.0,5.0,383.0,29.8,26.0,35.2
1277,2017.0,6.0,263.0,29.3,25.6,34.6
1278,2017.0,7.0,-999.9,-999.9,-999.9,-999.9
1279,2017.0,8.0,202.0,28.8,25.3,33.6
1280,2017.0,9.0,187.0,29.1,25.4,34.1
1281,2017.0,10.0,199.0,28.2,24.5,33.0
1282,2017.0,11.0,50.0,27.6,23.5,32.4
1283,2017.0,12.0,42.0,25.1,19.9,30.7
1284,2018.0,1.0,5.0,26.3,21.3,32.5
1285,2018.0,2.0,33.0,27.0,21.5,33.5
1286,2018.0,3.0,9.0,30.1,25.1,36.1
1287,2018.0,4.0,-999.9,-999.9,-999.9,-999.9
1288,2018.0,5.0,-999.9,-999.9,-999.9,-999.9
1289,2018.0,6.0,-999.9,-999.9,-999.9,-999.9
1290,2018.0,7.0,-999.9,-999.9,-999.9,-999.9
1291,2018.0,8.0,-999.9,-999.9,-999.9,-999.9
1292,2018.0,9.0,-999.9,-999.9,-999.9,-999.9
1293,2018.0,10.0,-999.9,-999.9,-999.9,-999.9
1294,2018.0,11.0,-999.9,-999.9,-999.9,-999.9
1295,2018.0,12.0,-999.9,-999.9,-999.9,-999.9
